-- MySQL dump 10.13  Distrib 9.2.0, for macos14.7 (arm64)
--
-- Host: 127.0.0.1    Database: flight_data
-- ------------------------------------------------------
-- Server version	8.3.0

/*!40101 SET @OLD_CHARACTER_SET_CLIENT=@@CHARACTER_SET_CLIENT */;
/*!40101 SET @OLD_CHARACTER_SET_RESULTS=@@CHARACTER_SET_RESULTS */;
/*!40101 SET @OLD_COLLATION_CONNECTION=@@COLLATION_CONNECTION */;
/*!50503 SET NAMES utf8mb4 */;
/*!40103 SET @OLD_TIME_ZONE=@@TIME_ZONE */;
/*!40103 SET TIME_ZONE='+00:00' */;
/*!40014 SET @OLD_UNIQUE_CHECKS=@@UNIQUE_CHECKS, UNIQUE_CHECKS=0 */;
/*!40014 SET @OLD_FOREIGN_KEY_CHECKS=@@FOREIGN_KEY_CHECKS, FOREIGN_KEY_CHECKS=0 */;
/*!40101 SET @OLD_SQL_MODE=@@SQL_MODE, SQL_MODE='NO_AUTO_VALUE_ON_ZERO' */;
/*!40111 SET @OLD_SQL_NOTES=@@SQL_NOTES, SQL_NOTES=0 */;

--
-- Table structure for table `aircrafts`
--

DROP TABLE IF EXISTS `aircrafts`;
/*!40101 SET @saved_cs_client     = @@character_set_client */;
/*!50503 SET character_set_client = utf8mb4 */;
CREATE TABLE `aircrafts` (
  `aircraft_id` int NOT NULL AUTO_INCREMENT,
  `aircraft_name` varchar(64) DEFAULT NULL,
  `seats` int DEFAULT NULL,
  PRIMARY KEY (`aircraft_id`)
) ENGINE=InnoDB AUTO_INCREMENT=4 DEFAULT CHARSET=utf8mb4 COLLATE=utf8mb4_0900_ai_ci;
/*!40101 SET character_set_client = @saved_cs_client */;

--
-- Dumping data for table `aircrafts`
--

LOCK TABLES `aircrafts` WRITE;
/*!40000 ALTER TABLE `aircrafts` DISABLE KEYS */;
INSERT INTO `aircrafts` VALUES (1,'Boeing 747',400),(2,'Airbus A330',236),(3,'Boeing 777',264);
/*!40000 ALTER TABLE `aircrafts` ENABLE KEYS */;
UNLOCK TABLES;

--
-- Table structure for table `bookings`
--

DROP TABLE IF EXISTS `bookings`;
/*!40101 SET @saved_cs_client     = @@character_set_client */;
/*!50503 SET character_set_client = utf8mb4 */;
CREATE TABLE `bookings` (
  `customer_id` int NOT NULL,
  `flight_id` int NOT NULL,
  KEY `customer_id` (`customer_id`),
  KEY `flight_id` (`flight_id`),
  CONSTRAINT `bookings_ibfk_1` FOREIGN KEY (`customer_id`) REFERENCES `customers` (`customer_id`),
  CONSTRAINT `bookings_ibfk_2` FOREIGN KEY (`flight_id`) REFERENCES `flights` (`flight_id`)
) ENGINE=InnoDB DEFAULT CHARSET=utf8mb4 COLLATE=utf8mb4_0900_ai_ci;
/*!40101 SET character_set_client = @saved_cs_client */;

--
-- Dumping data for table `bookings`
--

LOCK TABLES `bookings` WRITE;
/*!40000 ALTER TABLE `bookings` DISABLE KEYS */;
INSERT INTO `bookings` VALUES (1,1),(1,2),(2,2),(1,1),(3,2),(3,3),(1,1),(4,1),(1,1),(3,2),(5,1),(4,1),(6,4),(7,4),(5,2),(4,5),(8,4);
/*!40000 ALTER TABLE `bookings` ENABLE KEYS */;
UNLOCK TABLES;

--
-- Table structure for table `customers`
--

DROP TABLE IF EXISTS `customers`;
/*!40101 SET @saved_cs_client     = @@character_set_client */;
/*!50503 SET character_set_client = utf8mb4 */;
CREATE TABLE `customers` (
  `customer_id` int NOT NULL AUTO_INCREMENT,
  `customer_name` varchar(128) DEFAULT NULL,
  `status` varchar(62) DEFAULT NULL,
  `mileage` int DEFAULT NULL,
  PRIMARY KEY (`customer_id`)
) ENGINE=InnoDB AUTO_INCREMENT=9 DEFAULT CHARSET=utf8mb4 COLLATE=utf8mb4_0900_ai_ci;
/*!40101 SET character_set_client = @saved_cs_client */;

--
-- Dumping data for table `customers`
--

LOCK TABLES `customers` WRITE;
/*!40000 ALTER TABLE `customers` DISABLE KEYS */;
INSERT INTO `customers` VALUES (1,'Agustine Riviera','Silver',115235),(2,'Alaina Sepulvida','None',6008),(3,'Tom Jones','Gold',205767),(4,'Sam Rio','None',2653),(5,'Jessica James','Silver',127656),(6,'Ana Janco','Silver',136773),(7,'Jennifer Cortez','Gold',300582),(8,'Christian Janco','Silver',14642);
/*!40000 ALTER TABLE `customers` ENABLE KEYS */;
UNLOCK TABLES;

--
-- Table structure for table `flights`
--

DROP TABLE IF EXISTS `flights`;
/*!40101 SET @saved_cs_client     = @@character_set_client */;
/*!50503 SET character_set_client = utf8mb4 */;
CREATE TABLE `flights` (
  `flight_id` int NOT NULL AUTO_INCREMENT,
  `flight_number` varchar(32) DEFAULT NULL,
  `aircraft_id` int DEFAULT NULL,
  `mileage` int DEFAULT NULL,
  PRIMARY KEY (`flight_id`),
  KEY `aircraft_id` (`aircraft_id`),
  CONSTRAINT `flights_ibfk_1` FOREIGN KEY (`aircraft_id`) REFERENCES `aircrafts` (`aircraft_id`)
) ENGINE=InnoDB AUTO_INCREMENT=6 DEFAULT CHARSET=utf8mb4 COLLATE=utf8mb4_0900_ai_ci;
/*!40101 SET character_set_client = @saved_cs_client */;

--
-- Dumping data for table `flights`
--

LOCK TABLES `flights` WRITE;
/*!40000 ALTER TABLE `flights` DISABLE KEYS */;
INSERT INTO `flights` VALUES (1,'DL143',1,135),(2,'DL122',2,4370),(3,'DL53',3,2078),(4,'DL222',3,1765),(5,'DL37',3,531);
/*!40000 ALTER TABLE `flights` ENABLE KEYS */;
UNLOCK TABLES;
/*!40103 SET TIME_ZONE=@OLD_TIME_ZONE */;

/*!40101 SET SQL_MODE=@OLD_SQL_MODE */;
/*!40014 SET FOREIGN_KEY_CHECKS=@OLD_FOREIGN_KEY_CHECKS */;
/*!40014 SET UNIQUE_CHECKS=@OLD_UNIQUE_CHECKS */;
/*!40101 SET CHARACTER_SET_CLIENT=@OLD_CHARACTER_SET_CLIENT */;
/*!40101 SET CHARACTER_SET_RESULTS=@OLD_CHARACTER_SET_RESULTS */;
/*!40101 SET COLLATION_CONNECTION=@OLD_COLLATION_CONNECTION */;
/*!40111 SET SQL_NOTES=@OLD_SQL_NOTES */;

-- Dump completed on 2025-04-19 13:58:10
